zip,market,city,county,miles_from_center,zone
85003,Phoenix,Phoenix,Maricopa,0.3,
85004,Phoenix,Phoenix,Maricopa,0.6,
85006,Phoenix,Phoenix,Maricopa,1.9,
85007,Phoenix,Phoenix,Maricopa,0.9,
85012,Phoenix,Phoenix,Maricopa,4.3,
85013,Phoenix,Phoenix,Maricopa,4.2,
85014,Phoenix,Phoenix,Maricopa,4.4,
85016,Phoenix,Phoenix,Maricopa,4.5,
85018,Phoenix,Phoenix,Maricopa,5.9,
85020,Phoenix,Phoenix,Maricopa,7.9,
85021,Phoenix,Phoenix,Maricopa,7.8,
85022,Phoenix,Phoenix,Maricopa,12.7,
85023,Phoenix,Phoenix,Maricopa,12.9,
85024,Phoenix,Phoenix,Maricopa,14.9,
85028,Phoenix,Phoenix,Maricopa,10.2,
85032,Phoenix,Phoenix,Maricopa,12.8,
85044,Phoenix,Phoenix,Maricopa,9.4,
85045,Phoenix,Phoenix,Maricopa,10.5,
85048,Phoenix,Phoenix,Maricopa,9.2,
85050,Phoenix,Phoenix,Maricopa,17,
85054,Phoenix,Phoenix,Maricopa,17.2,
85083,Phoenix,Phoenix,Maricopa,20.1,
85085,Phoenix,Phoenix,Maricopa,21.1,
85086,Phoenix,Phoenix,Maricopa,25.5,
85087,Phoenix,New River,Maricopa,33,
85118,Phoenix,Gold Canyon,Pinal,42.6,
85140,Phoenix,San Tan Valley,Pinal,36.2,
85142,Phoenix,Queen Creek,Maricopa,28.9,
85203,Phoenix,Mesa,Maricopa,15.5,
85205,Phoenix,Mesa,Maricopa,20.8,
85207,Phoenix,Mesa,Maricopa,24.9,
85209,Phoenix,Mesa,Maricopa,25.5,
85212,Phoenix,Mesa,Maricopa,26.3,
85213,Phoenix,Mesa,Maricopa,17.4,
85215,Phoenix,Mesa,Maricopa,20.5,
85224,Phoenix,Chandler,Maricopa,14.7,
85225,Phoenix,Chandler,Maricopa,17.3,
85226,Phoenix,Chandler,Maricopa,13.1,
85233,Phoenix,Gilbert,Maricopa,16.8,
85234,Phoenix,Gilbert,Maricopa,18.2,
85248,Phoenix,Chandler,Maricopa,18.4,
85249,Phoenix,Chandler,Maricopa,22.4,
85250,Phoenix,Scottsdale,Maricopa,11,
85251,Phoenix,Scottsdale,Maricopa,9.6,
85253,Phoenix,Paradise Valley,Maricopa,9.7,
85254,Phoenix,Scottsdale,Maricopa,13.5,
85255,Phoenix,Scottsdale,Maricopa,20.2,
85257,Phoenix,Scottsdale,Maricopa,9.2,
85258,Phoenix,Scottsdale,Maricopa,13.2,
85259,Phoenix,Scottsdale,Maricopa,16.6,
85260,Phoenix,Scottsdale,Maricopa,15.1,
85262,Phoenix,Scottsdale,Maricopa,28.2,
85263,Phoenix,Rio Verde,Maricopa,29.7,
85264,Phoenix,Fort Mcdowell,Maricopa,25.3,
85266,Phoenix,Scottsdale,Maricopa,23.8,
85268,Phoenix,Fountain Hills,Maricopa,23,
85282,Phoenix,Tempe,Maricopa,9.4,
85283,Phoenix,Tempe,Maricopa,10,
85284,Phoenix,Tempe,Maricopa,11.8,
85286,Phoenix,Chandler,Maricopa,18.6,
85295,Phoenix,Gilbert,Maricopa,21.6,
85296,Phoenix,Gilbert,Maricopa,20.8,
85297,Phoenix,Gilbert,Maricopa,24.1,
85298,Phoenix,Gilbert,Maricopa,25.4,
85305,Phoenix,Glendale,Maricopa,11.5,
85306,Phoenix,Glendale,Maricopa,13.5,
85307,Phoenix,Glendale,Maricopa,15.1,
85308,Phoenix,Glendale,Maricopa,15.2,
85310,Phoenix,Glendale,Maricopa,18.5,
85331,Phoenix,Cave Creek,Maricopa,31.2,
85338,Phoenix,Goodyear,Maricopa,17.9,
85339,Phoenix,Laveen,Maricopa,9.2,
85340,Phoenix,Litchfield Park,Maricopa,20,
85354,Phoenix,Tonopah,Maricopa,50.7,
85355,Phoenix,Waddell,Maricopa,22.6,
85361,Phoenix,Wittmann,Maricopa,38,
85379,Phoenix,Surprise,Maricopa,20.3,
85381,Phoenix,Peoria,Maricopa,13.8,
85382,Phoenix,Peoria,Maricopa,14.8,
85383,Phoenix,Peoria,Maricopa,20.8,
85387,Phoenix,Surprise,Maricopa,27.8,
85388,Phoenix,Surprise,Maricopa,24.5,
85390,Phoenix,Wickenburg,Maricopa,54.7,
85392,Phoenix,Avondale,Maricopa,13.7,
85395,Phoenix,Goodyear,Maricopa,18.6,
85396,Phoenix,Buckeye,Maricopa,23.4,
Phoenix: 86 zips,Phoenix,,,,
30002,Atlanta,Avondale Estates,DeKalb,7.5,
30004,Atlanta,Alpharetta,Fulton,25.6,
30005,Atlanta,Alpharetta,Fulton,24.5,
30009,Atlanta,Alpharetta,Fulton,23.2,
30017,Atlanta,Grayson,Gwinnett,26.3,
30019,Atlanta,Dacula,Gwinnett,33.5,
30022,Atlanta,Alpharetta,Fulton,20.9,
30024,Atlanta,Suwanee,Gwinnett,29,
30028,Atlanta,Cumming,Forsyth,39.2,
30030,Atlanta,Decatur,DeKalb,5.5,
30033,Atlanta,Decatur,DeKalb,7.5,
30040,Atlanta,Cumming,Forsyth,35.9,
30041,Atlanta,Cumming,Forsyth,35.4,
30043,Atlanta,Lawrenceville,Gwinnett,27.8,
30044,Atlanta,Lawrenceville,Gwinnett,22.6,
30045,Atlanta,Lawrenceville,Gwinnett,27.9,
30047,Atlanta,Lilburn,Gwinnett,19.8,
30052,Atlanta,Loganville,Gwinnett,29.6,
30062,Atlanta,Marietta,Cobb,18,
30064,Atlanta,Marietta,Cobb,18,
30066,Atlanta,Marietta,Cobb,21,
30067,Atlanta,Marietta,Cobb,13.3,
30068,Atlanta,Marietta,Cobb,15.4,
30071,Atlanta,Norcross,Gwinnett,17,
30075,Atlanta,Roswell,Fulton,20.2,
30076,Atlanta,Roswell,Fulton,19.3,
30078,Atlanta,Snellville,Gwinnett,23.2,
30080,Atlanta,Smyrna,Cobb,11.2,
30082,Atlanta,Smyrna,Cobb,11.7,
30084,Atlanta,Tucker,DeKalb,12.4,
30092,Atlanta,Peachtree Corners,Gwinnett,18,
30096,Atlanta,Duluth,Gwinnett,21.1,
30097,Atlanta,Duluth,Fulton,23.6,
30101,Atlanta,Acworth,Cobb,27,
30102,Atlanta,Acworth,Cherokee,25,
30107,Atlanta,Ball Ground,Cherokee,40.8,
30114,Atlanta,Canton,Cherokee,35.1,
30115,Atlanta,Canton,Cherokee,31.2,
30126,Atlanta,Mableton,Cobb,13.7,
30127,Atlanta,Powder Springs,Cobb,20.5,
30132,Atlanta,Dallas,Paulding,27.8,
30144,Atlanta,Kennesaw,Cobb,23,
30152,Atlanta,Kennesaw,Cobb,22.9,
30183,Atlanta,Waleska,Cherokee,40.8,
30187,Atlanta,Winston,Douglas,28,
30188,Atlanta,Woodstock,Cherokee,25.7,
30189,Atlanta,Woodstock,Cherokee,28.2,
30205,Atlanta,Brooks,Fayette,31.6,
30214,Atlanta,Fayetteville,Fayette,20.1,
30215,Atlanta,Fayetteville,Fayette,25,
30252,Atlanta,Mcdonough,Henry,26.8,
30269,Atlanta,Peachtree City,Fayette,26.7,
30290,Atlanta,Tyrone,Fayette,22.4,
30305,Atlanta,Atlanta,Fulton,5.7,
30306,Atlanta,Atlanta,Fulton,3.3,
30307,Atlanta,Atlanta,DeKalb,3.3,
30309,Atlanta,Atlanta,Fulton,3.4,
30312,Atlanta,Atlanta,Fulton,0.6,
30316,Atlanta,Atlanta,DeKalb,3.6,
30317,Atlanta,Atlanta,DeKalb,4.1,
30318,Atlanta,Atlanta,Fulton,4.2,
30319,Atlanta,Atlanta,DeKalb,9.4,
30324,Atlanta,Atlanta,Fulton,5.3,
30326,Atlanta,Atlanta,Fulton,7.1,
30327,Atlanta,Atlanta,Fulton,8.1,
30328,Atlanta,Atlanta,Fulton,12.8,
30329,Atlanta,Atlanta,DeKalb,6.5,
30338,Atlanta,Atlanta,DeKalb,15.5,
30339,Atlanta,Atlanta,Cobb,9.5,
30340,Atlanta,Atlanta,DeKalb,12.9,
30341,Atlanta,Atlanta,DeKalb,11.7,
30342,Atlanta,Atlanta,Fulton,9.4,
30345,Atlanta,Atlanta,DeKalb,9.1,
30346,Atlanta,Atlanta,DeKalb,12.5,
30350,Atlanta,Atlanta,Fulton,16.6,
30360,Atlanta,Atlanta,DeKalb,14.6,
30518,Atlanta,Buford,Gwinnett,33.7,
30519,Atlanta,Buford,Gwinnett,34.8,
Atlanta: 78 zips,Atlanta,,,,
89002,Las Vegas,Henderson,Clark,15.4,
89005,Las Vegas,Boulder City,Clark,21.8,
89011,Las Vegas,Henderson,Clark,10.4,
89012,Las Vegas,Henderson,Clark,12.5,
89044,Las Vegas,Henderson,Clark,16,
89052,Las Vegas,Henderson,Clark,12.6,
89074,Las Vegas,Henderson,Clark,9.6,
89085,Las Vegas,North Las Vegas,Clark,10.2,
89113,Las Vegas,Las Vegas,Clark,8.8,
89117,Las Vegas,Las Vegas,Clark,8.1,
89124,Las Vegas,Las Vegas,Clark,25.9,
89131,Las Vegas,Las Vegas,Clark,10.4,
89134,Las Vegas,Las Vegas,Clark,9,
89135,Las Vegas,Las Vegas,Clark,10.6,
89138,Las Vegas,Las Vegas,Clark,12.4,
89139,Las Vegas,Las Vegas,Clark,11.6,
89141,Las Vegas,Las Vegas,Clark,11.6,
89143,Las Vegas,Las Vegas,Clark,13.6,
89144,Las Vegas,Las Vegas,Clark,10,
89148,Las Vegas,Las Vegas,Clark,12.2,
89149,Las Vegas,Las Vegas,Clark,11.1,
89158,Las Vegas,Las Vegas,Clark,0.4,
89161,Las Vegas,Las Vegas,Clark,17.1,
89166,Las Vegas,Las Vegas,Clark,15.5,
89178,Las Vegas,Las Vegas,Clark,14.4,
89179,Las Vegas,Las Vegas,Clark,22.4,
Las Vegas: 26 zips,Las Vegas,,,,
80002,Denver,Arvada,Jefferson,6.9,
80003,Denver,Arvada,Jefferson,7.4,
80004,Denver,Arvada,Jefferson,8.5,
80005,Denver,Arvada,Jefferson,9.5,
80007,Denver,Arvada,Jefferson,12.9,
80015,Denver,Aurora,Arapahoe,14.1,
80016,Denver,Aurora,Arapahoe,17.5,
80018,Denver,Aurora,Arapahoe,16.9,
80019,Denver,Aurora,Adams,15.2,
80020,Denver,Broomfield,Broomfield,13.3,
80021,Denver,Broomfield,Jefferson,12,
80023,Denver,Broomfield,Broomfield,15.4,
80033,Denver,Wheat Ridge,Jefferson,6.1,
80102,Denver,Bennett,Adams,29.9,
80103,Denver,Byers,Arapahoe,42,
80104,Denver,Castle Rock,Douglas,26.3,Corridor
80107,Denver,Elizabeth,Elbert,32.5,Corridor
80108,Denver,Castle Rock,Douglas,21.6,Corridor
80109,Denver,Castle Rock,Douglas,26.3,Corridor
80111,Denver,Englewood,Arapahoe,10.6,
80112,Denver,Englewood,Arapahoe,11.9,
80113,Denver,Englewood,Arapahoe,7,
80116,Denver,Franktown,Douglas,29,Corridor
80117,Denver,Kiowa,Elbert,40.6,Corridor
80118,Denver,Larkspur,Douglas,37.9,Corridor
80120,Denver,Littleton,Arapahoe,9.7,
80121,Denver,Littleton,Arapahoe,9.1,
80122,Denver,Littleton,Arapahoe,11.1,
80123,Denver,Littleton,Jefferson,9.8,
80124,Denver,Lone Tree,Douglas,14.1,
80125,Denver,Littleton,Douglas,17.9,
80126,Denver,Littleton,Douglas,13.6,
80127,Denver,Littleton,Jefferson,12.7,
80128,Denver,Littleton,Jefferson,11.3,
80129,Denver,Littleton,Douglas,13.8,
80130,Denver,Littleton,Douglas,14.1,
80134,Denver,Parker,Douglas,18.9,
80135,Denver,Sedalia,Douglas,29.9,Corridor
80136,Denver,Strasburg,Adams,38.5,
80137,Denver,Watkins,Arapahoe,21.7,
80138,Denver,Parker,Douglas,21.3,
80202,Denver,Denver,Denver,0.7,
80204,Denver,Denver,Denver,1.9,
80205,Denver,Denver,Denver,1.9,
80206,Denver,Denver,Denver,2.1,
80207,Denver,Denver,Denver,4.1,
80209,Denver,Denver,Denver,2.5,
80210,Denver,Denver,Denver,4.4,
80211,Denver,Denver,Denver,2.5,
80212,Denver,Denver,Denver,3.7,
80214,Denver,Denver,Jefferson,3.9,
80215,Denver,Denver,Jefferson,5.9,
80220,Denver,Denver,Denver,4.1,
80222,Denver,Denver,Denver,5.8,
80224,Denver,Denver,Denver,5.5,
80226,Denver,Denver,Jefferson,5.7,
80227,Denver,Denver,Jefferson,7.1,
80228,Denver,Denver,Jefferson,9.5,
80230,Denver,Denver,Denver,5.2,
80232,Denver,Denver,Jefferson,6.4,
80234,Denver,Denver,Adams,11.9,
80236,Denver,Denver,Denver,6.4,
80238,Denver,Denver,Denver,0.3,
80241,Denver,Thornton,Adams,9,
80246,Denver,Denver,Denver,3.8,
80401,Denver,Golden,Jefferson,10.7,
80403,Denver,Golden,Jefferson,16.6,
80433,Denver,Conifer,Jefferson,23.1,
80439,Denver,Evergreen,Jefferson,19.9,
80465,Denver,Morrison,Jefferson,13.1,
80470,Denver,Pine,Jefferson,28.5,
80602,Denver,Brighton,Adams,16.1,
Denver: 72 zips,Denver,,,,
80106,Colorado Springs,Elbert,El Paso,22.5,Corridor
80132,Colorado Springs,Monument,El Paso,18.5,Corridor
80133,Colorado Springs,Palmer Lake,El Paso,20.4,Corridor
80808,Colorado Springs,Calhan,El Paso,26.6,
80809,Colorado Springs,Cascade,El Paso,9.2,
80814,Colorado Springs,Divide,Teller,22.1,
80816,Colorado Springs,Florissant,Teller,26.4,
80829,Colorado Springs,Manitou Springs,El Paso,4.8,
80831,Colorado Springs,Peyton,El Paso,16.9,
80832,Colorado Springs,Ramah,El Paso,40.9,
80863,Colorado Springs,Woodland Park,Teller,17.2,
80904,Colorado Springs,Colorado Springs,El Paso,2.4,
80906,Colorado Springs,Colorado Springs,El Paso,3,
80908,Colorado Springs,Colorado Springs,El Paso,14.8,Corridor
80918,Colorado Springs,Colorado Springs,El Paso,6,
80919,Colorado Springs,Colorado Springs,El Paso,6.6,
80920,Colorado Springs,Colorado Springs,El Paso,8.5,
80921,Colorado Springs,Colorado Springs,El Paso,14.8,Corridor
80922,Colorado Springs,Colorado Springs,El Paso,8.2,
80923,Colorado Springs,Colorado Springs,El Paso,8.6,
80924,Colorado Springs,Colorado Springs,El Paso,10.7,
80925,Colorado Springs,Colorado Springs,El Paso,11.6,
80926,Colorado Springs,Colorado Springs,El Paso,9.5,
80927,Colorado Springs,Colorado Springs,El Paso,10.9,
Colorado Springs: 24 zips,Colorado Springs,,,,
