zip,market
87001,Albuquerque
87002,Albuquerque
87004,Albuquerque
87006,Albuquerque
87008,Albuquerque
87013,Albuquerque
87015,Albuquerque
87016,Albuquerque
87018,Albuquerque
87022,Albuquerque
87023,Albuquerque
87024,Albuquerque
87025,Albuquerque
87026,Albuquerque
87027,Albuquerque
87031,Albuquerque
87032,Albuquerque
87035,Albuquerque
87036,Albuquerque
87041,Albuquerque
87042,Albuquerque
87043,Albuquerque
87044,Albuquerque
87046,Albuquerque
87047,Albuquerque
87048,Albuquerque
87052,Albuquerque
87053,Albuquerque
87059,Albuquerque
87060,Albuquerque
87061,Albuquerque
87062,Albuquerque
87063,Albuquerque
87068,Albuquerque
87070,Albuquerque
87072,Albuquerque
87083,Albuquerque
87101,Albuquerque
87102,Albuquerque
87104,Albuquerque
87105,Albuquerque
87106,Albuquerque
87107,Albuquerque
87108,Albuquerque
87109,Albuquerque
87110,Albuquerque
87111,Albuquerque
87112,Albuquerque
87113,Albuquerque
87114,Albuquerque
87116,Albuquerque
87117,Albuquerque
87120,Albuquerque
87121,Albuquerque
87122,Albuquerque
87123,Albuquerque
87124,Albuquerque
87144,Albuquerque
87151,Albuquerque
87544,Albuquerque
88318,Albuquerque
88321,Albuquerque
30002,Atlanta
30004,Atlanta
30005,Atlanta
30008,Atlanta
30009,Atlanta
30012,Atlanta
30013,Atlanta
30014,Atlanta
30016,Atlanta
30017,Atlanta
30019,Atlanta
30021,Atlanta
30022,Atlanta
30024,Atlanta
30030,Atlanta
30032,Atlanta
30033,Atlanta
30034,Atlanta
30035,Atlanta
30038,Atlanta
30039,Atlanta
30040,Atlanta
30041,Atlanta
30043,Atlanta
30044,Atlanta
30045,Atlanta
30046,Atlanta
30047,Atlanta
30052,Atlanta
30054,Atlanta
30058,Atlanta
30060,Atlanta
30062,Atlanta
30064,Atlanta
30066,Atlanta
30067,Atlanta
30068,Atlanta
30071,Atlanta
30072,Atlanta
30075,Atlanta
30076,Atlanta
30078,Atlanta
30079,Atlanta
30080,Atlanta
30082,Atlanta
30083,Atlanta
30084,Atlanta
30087,Atlanta
30088,Atlanta
30090,Atlanta
30092,Atlanta
30093,Atlanta
30094,Atlanta
30096,Atlanta
30097,Atlanta
30101,Atlanta
30102,Atlanta
30106,Atlanta
30110,Atlanta
30111,Atlanta
30114,Atlanta
30115,Atlanta
30116,Atlanta
30117,Atlanta
30122,Atlanta
30126,Atlanta
30127,Atlanta
30132,Atlanta
30134,Atlanta
30135,Atlanta
30141,Atlanta
30144,Atlanta
30152,Atlanta
30157,Atlanta
30168,Atlanta
30179,Atlanta
30180,Atlanta
30185,Atlanta
30187,Atlanta
30188,Atlanta
30189,Atlanta
30213,Atlanta
30214,Atlanta
30215,Atlanta
30223,Atlanta
30224,Atlanta
30228,Atlanta
30234,Atlanta
30236,Atlanta
30238,Atlanta
30248,Atlanta
30250,Atlanta
30252,Atlanta
30253,Atlanta
30260,Atlanta
30263,Atlanta
30265,Atlanta
30268,Atlanta
30269,Atlanta
30272,Atlanta
30273,Atlanta
30274,Atlanta
30277,Atlanta
30281,Atlanta
30288,Atlanta
30290,Atlanta
30291,Atlanta
30294,Atlanta
30296,Atlanta
30297,Atlanta
30303,Atlanta
30305,Atlanta
30306,Atlanta
30307,Atlanta
30308,Atlanta
30309,Atlanta
30310,Atlanta
30311,Atlanta
30312,Atlanta
30313,Atlanta
30314,Atlanta
30315,Atlanta
30316,Atlanta
30317,Atlanta
30318,Atlanta
30319,Atlanta
30322,Atlanta
30324,Atlanta
30326,Atlanta
30327,Atlanta
30328,Atlanta
30329,Atlanta
30331,Atlanta
30332,Atlanta
30334,Atlanta
30336,Atlanta
30337,Atlanta
30338,Atlanta
30339,Atlanta
30340,Atlanta
30341,Atlanta
30342,Atlanta
30344,Atlanta
30345,Atlanta
30346,Atlanta
30349,Atlanta
30350,Atlanta
30354,Atlanta
30360,Atlanta
30363,Atlanta
30518,Atlanta
30519,Atlanta
30542,Atlanta
35004,Birmingham
35005,Birmingham
35007,Birmingham
35020,Birmingham
35022,Birmingham
35023,Birmingham
35040,Birmingham
35061,Birmingham
35068,Birmingham
35071,Birmingham
35080,Birmingham
35094,Birmingham
35111,Birmingham
35115,Birmingham
35116,Birmingham
35117,Birmingham
35120,Birmingham
35124,Birmingham
35125,Birmingham
35126,Birmingham
35127,Birmingham
35146,Birmingham
35147,Birmingham
35173,Birmingham
35180,Birmingham
35205,Birmingham
35206,Birmingham
35207,Birmingham
35208,Birmingham
35209,Birmingham
35210,Birmingham
35211,Birmingham
35214,Birmingham
35215,Birmingham
35216,Birmingham
35217,Birmingham
35221,Birmingham
35222,Birmingham
35224,Birmingham
35226,Birmingham
35235,Birmingham
35243,Birmingham
35244,Birmingham
83302,Boise
83316,Boise
83337,Boise
83601,Boise
83602,Boise
83604,Boise
83605,Boise
83607,Boise
83616,Boise
83617,Boise
83619,Boise
83622,Boise
83623,Boise
83624,Boise
83626,Boise
83627,Boise
83628,Boise
83629,Boise
83631,Boise
83633,Boise
83634,Boise
83636,Boise
83637,Boise
83639,Boise
83641,Boise
83642,Boise
83644,Boise
83646,Boise
83647,Boise
83648,Boise
83650,Boise
83651,Boise
83655,Boise
83656,Boise
83657,Boise
83660,Boise
83661,Boise
83666,Boise
83669,Boise
83670,Boise
83676,Boise
83686,Boise
83687,Boise
83702,Boise
83703,Boise
83704,Boise
83705,Boise
83706,Boise
83709,Boise
83712,Boise
83713,Boise
83714,Boise
83716,Boise
89421,Boise
89832,Boise
97710,Boise
97901,Boise
97903,Boise
97906,Boise
97907,Boise
97908,Boise
97909,Boise
97910,Boise
97911,Boise
97913,Boise
97914,Boise
97918,Boise
97920,Boise
28006,Charlotte
28012,Charlotte
28016,Charlotte
28023,Charlotte
28025,Charlotte
28026,Charlotte
28027,Charlotte
28031,Charlotte
28032,Charlotte
28035,Charlotte
28036,Charlotte
28052,Charlotte
28053,Charlotte
28054,Charlotte
28055,Charlotte
28056,Charlotte
28070,Charlotte
28075,Charlotte
28078,Charlotte
28079,Charlotte
28081,Charlotte
28082,Charlotte
28083,Charlotte
28088,Charlotte
28092,Charlotte
28098,Charlotte
28101,Charlotte
28104,Charlotte
28105,Charlotte
28106,Charlotte
28110,Charlotte
28111,Charlotte
28112,Charlotte
28115,Charlotte
28117,Charlotte
28120,Charlotte
28123,Charlotte
28125,Charlotte
28126,Charlotte
28130,Charlotte
28134,Charlotte
28146,Charlotte
28147,Charlotte
28164,Charlotte
28166,Charlotte
28173,Charlotte
28174,Charlotte
28201,Charlotte
28202,Charlotte
28203,Charlotte
28204,Charlotte
28205,Charlotte
28206,Charlotte
28207,Charlotte
28208,Charlotte
28209,Charlotte
28210,Charlotte
28211,Charlotte
28212,Charlotte
28213,Charlotte
28214,Charlotte
28215,Charlotte
28216,Charlotte
28217,Charlotte
28219,Charlotte
28220,Charlotte
28221,Charlotte
28222,Charlotte
28223,Charlotte
28224,Charlotte
28226,Charlotte
28227,Charlotte
28228,Charlotte
28229,Charlotte
28230,Charlotte
28231,Charlotte
28232,Charlotte
28233,Charlotte
28234,Charlotte
28235,Charlotte
28236,Charlotte
28237,Charlotte
28241,Charlotte
28244,Charlotte
28246,Charlotte
28247,Charlotte
28256,Charlotte
28262,Charlotte
28266,Charlotte
28269,Charlotte
28270,Charlotte
28271,Charlotte
28273,Charlotte
28274,Charlotte
28277,Charlotte
28278,Charlotte
28280,Charlotte
28281,Charlotte
28282,Charlotte
28284,Charlotte
28285,Charlotte
28287,Charlotte
28288,Charlotte
28297,Charlotte
28299,Charlotte
28625,Charlotte
28677,Charlotte
30707,Chattanooga
30710,Chattanooga
30725,Chattanooga
30726,Chattanooga
30728,Chattanooga
30731,Chattanooga
30736,Chattanooga
30738,Chattanooga
30739,Chattanooga
30740,Chattanooga
30741,Chattanooga
30742,Chattanooga
30746,Chattanooga
30747,Chattanooga
30750,Chattanooga
30752,Chattanooga
30753,Chattanooga
30755,Chattanooga
30757,Chattanooga
37110,Chattanooga
37302,Chattanooga
37308,Chattanooga
37311,Chattanooga
37315,Chattanooga
37327,Chattanooga
37336,Chattanooga
37338,Chattanooga
37340,Chattanooga
37341,Chattanooga
37343,Chattanooga
37347,Chattanooga
37350,Chattanooga
37351,Chattanooga
37353,Chattanooga
37356,Chattanooga
37363,Chattanooga
37365,Chattanooga
37373,Chattanooga
37374,Chattanooga
37375,Chattanooga
37377,Chattanooga
37379,Chattanooga
37380,Chattanooga
37387,Chattanooga
37396,Chattanooga
37397,Chattanooga
37402,Chattanooga
37403,Chattanooga
37404,Chattanooga
37405,Chattanooga
37406,Chattanooga
37407,Chattanooga
37408,Chattanooga
37409,Chattanooga
37410,Chattanooga
37411,Chattanooga
37412,Chattanooga
37415,Chattanooga
37416,Chattanooga
37419,Chattanooga
37421,Chattanooga
37450,Chattanooga
38585,Chattanooga
41001,Cincinnati
41005,Cincinnati
41007,Cincinnati
41011,Cincinnati
41014,Cincinnati
41015,Cincinnati
41016,Cincinnati
41017,Cincinnati
41018,Cincinnati
41042,Cincinnati
41048,Cincinnati
41051,Cincinnati
41059,Cincinnati
41071,Cincinnati
41073,Cincinnati
41074,Cincinnati
41075,Cincinnati
41076,Cincinnati
41080,Cincinnati
41085,Cincinnati
41091,Cincinnati
41094,Cincinnati
41099,Cincinnati
45002,Cincinnati
45005,Cincinnati
45011,Cincinnati
45014,Cincinnati
45015,Cincinnati
45034,Cincinnati
45036,Cincinnati
45039,Cincinnati
45040,Cincinnati
45044,Cincinnati
45050,Cincinnati
45054,Cincinnati
45065,Cincinnati
45069,Cincinnati
45102,Cincinnati
45103,Cincinnati
45111,Cincinnati
45140,Cincinnati
45147,Cincinnati
45150,Cincinnati
45152,Cincinnati
45157,Cincinnati
45174,Cincinnati
45202,Cincinnati
45204,Cincinnati
45206,Cincinnati
45207,Cincinnati
45208,Cincinnati
45209,Cincinnati
45211,Cincinnati
45212,Cincinnati
45213,Cincinnati
45215,Cincinnati
45218,Cincinnati
45223,Cincinnati
45224,Cincinnati
45226,Cincinnati
45227,Cincinnati
45230,Cincinnati
45231,Cincinnati
45233,Cincinnati
45236,Cincinnati
45237,Cincinnati
45238,Cincinnati
45239,Cincinnati
45240,Cincinnati
45241,Cincinnati
45242,Cincinnati
45243,Cincinnati
45244,Cincinnati
45245,Cincinnati
45246,Cincinnati
45247,Cincinnati
45248,Cincinnati
45249,Cincinnati
45251,Cincinnati
45252,Cincinnati
45255,Cincinnati
44011,Cleveland
44012,Cleveland
44017,Cleveland
44022,Cleveland
44039,Cleveland
44040,Cleveland
44056,Cleveland
44060,Cleveland
44067,Cleveland
44070,Cleveland
44077,Cleveland
44087,Cleveland
44092,Cleveland
44094,Cleveland
44095,Cleveland
44102,Cleveland
44107,Cleveland
44109,Cleveland
44111,Cleveland
44113,Cleveland
44116,Cleveland
44122,Cleveland
44124,Cleveland
44126,Cleveland
44129,Cleveland
44130,Cleveland
44131,Cleveland
44133,Cleveland
44134,Cleveland
44135,Cleveland
44136,Cleveland
44138,Cleveland
44139,Cleveland
44140,Cleveland
44141,Cleveland
44142,Cleveland
44143,Cleveland
44145,Cleveland
44146,Cleveland
44147,Cleveland
44149,Cleveland
44202,Cleveland
44203,Cleveland
44212,Cleveland
44221,Cleveland
44223,Cleveland
44224,Cleveland
44236,Cleveland
44240,Cleveland
44241,Cleveland
44255,Cleveland
44256,Cleveland
44262,Cleveland
44264,Cleveland
44266,Cleveland
44278,Cleveland
44280,Cleveland
44281,Cleveland
44286,Cleveland
44313,Cleveland
44320,Cleveland
44321,Cleveland
44333,Cleveland
80106,Colorado Springs
80132,Colorado Springs
80133,Colorado Springs
80809,Colorado Springs
80813,Colorado Springs
80814,Colorado Springs
80816,Colorado Springs
80817,Colorado Springs
80819,Colorado Springs
80829,Colorado Springs
80840,Colorado Springs
80860,Colorado Springs
80863,Colorado Springs
80866,Colorado Springs
80901,Colorado Springs
80902,Colorado Springs
80903,Colorado Springs
80904,Colorado Springs
80905,Colorado Springs
80906,Colorado Springs
80907,Colorado Springs
80908,Colorado Springs
80909,Colorado Springs
80910,Colorado Springs
80911,Colorado Springs
80912,Colorado Springs
80913,Colorado Springs
80914,Colorado Springs
80915,Colorado Springs
80916,Colorado Springs
80917,Colorado Springs
80918,Colorado Springs
80919,Colorado Springs
80920,Colorado Springs
80921,Colorado Springs
80922,Colorado Springs
80923,Colorado Springs
80924,Colorado Springs
80925,Colorado Springs
80926,Colorado Springs
80927,Colorado Springs
80929,Colorado Springs
80931,Colorado Springs
80932,Colorado Springs
80933,Colorado Springs
80934,Colorado Springs
80935,Colorado Springs
80936,Colorado Springs
80937,Colorado Springs
80938,Colorado Springs
80939,Colorado Springs
80941,Colorado Springs
80942,Colorado Springs
80946,Colorado Springs
80947,Colorado Springs
80949,Colorado Springs
80950,Colorado Springs
80951,Colorado Springs
80960,Colorado Springs
80962,Colorado Springs
80970,Colorado Springs
80977,Colorado Springs
80997,Colorado Springs
43001,Columbus
43002,Columbus
43003,Columbus
43004,Columbus
43007,Columbus
43008,Columbus
43011,Columbus
43013,Columbus
43015,Columbus
43016,Columbus
43017,Columbus
43018,Columbus
43019,Columbus
43021,Columbus
43023,Columbus
43025,Columbus
43026,Columbus
43027,Columbus
43029,Columbus
43030,Columbus
43031,Columbus
43032,Columbus
43033,Columbus
43035,Columbus
43036,Columbus
43040,Columbus
43044,Columbus
43045,Columbus
43046,Columbus
43050,Columbus
43054,Columbus
43055,Columbus
43056,Columbus
43060,Columbus
43061,Columbus
43062,Columbus
43064,Columbus
43065,Columbus
43066,Columbus
43067,Columbus
43068,Columbus
43071,Columbus
43074,Columbus
43076,Columbus
43077,Columbus
43080,Columbus
43081,Columbus
43082,Columbus
43084,Columbus
43085,Columbus
43102,Columbus
43105,Columbus
43107,Columbus
43109,Columbus
43110,Columbus
43111,Columbus
43112,Columbus
43115,Columbus
43116,Columbus
43117,Columbus
43119,Columbus
43123,Columbus
43125,Columbus
43126,Columbus
43127,Columbus
43130,Columbus
43135,Columbus
43136,Columbus
43137,Columbus
43138,Columbus
43143,Columbus
43144,Columbus
43145,Columbus
43146,Columbus
43147,Columbus
43148,Columbus
43149,Columbus
43150,Columbus
43151,Columbus
43152,Columbus
43153,Columbus
43154,Columbus
43155,Columbus
43156,Columbus
43157,Columbus
43158,Columbus
43162,Columbus
43164,Columbus
43201,Columbus
43202,Columbus
43203,Columbus
43204,Columbus
43205,Columbus
43206,Columbus
43207,Columbus
43209,Columbus
43210,Columbus
43211,Columbus
43212,Columbus
43213,Columbus
43214,Columbus
43215,Columbus
43217,Columbus
43218,Columbus
43219,Columbus
43220,Columbus
43221,Columbus
43222,Columbus
43223,Columbus
43224,Columbus
43227,Columbus
43228,Columbus
43229,Columbus
43230,Columbus
43231,Columbus
43232,Columbus
43235,Columbus
43240,Columbus
43302,Columbus
43314,Columbus
43315,Columbus
43317,Columbus
43319,Columbus
43320,Columbus
43321,Columbus
43325,Columbus
43334,Columbus
43338,Columbus
43340,Columbus
43342,Columbus
43344,Columbus
43345,Columbus
43350,Columbus
43356,Columbus
43358,Columbus
43721,Columbus
43730,Columbus
43731,Columbus
43739,Columbus
43740,Columbus
43746,Columbus
43748,Columbus
43760,Columbus
43761,Columbus
43764,Columbus
43766,Columbus
43777,Columbus
43782,Columbus
43783,Columbus
43822,Columbus
43830,Columbus
44813,Columbus
44833,Columbus
44903,Columbus
44904,Columbus
45369,Columbus
45622,Columbus
45644,Columbus
45654,Columbus
45732,Columbus
45764,Columbus
80002,Denver
80003,Denver
80004,Denver
80005,Denver
80007,Denver
80010,Denver
80011,Denver
80012,Denver
80013,Denver
80014,Denver
80015,Denver
80016,Denver
80017,Denver
80018,Denver
80019,Denver
80020,Denver
80021,Denver
80022,Denver
80023,Denver
80024,Denver
80030,Denver
80031,Denver
80033,Denver
80038,Denver
80045,Denver
80110,Denver
80111,Denver
80112,Denver
80113,Denver
80120,Denver
80121,Denver
80122,Denver
80123,Denver
80124,Denver
80125,Denver
80126,Denver
80127,Denver
80128,Denver
80129,Denver
80130,Denver
80134,Denver
80138,Denver
80201,Denver
80202,Denver
80203,Denver
80204,Denver
80205,Denver
80206,Denver
80207,Denver
80208,Denver
80209,Denver
80210,Denver
80211,Denver
80212,Denver
80214,Denver
80215,Denver
80216,Denver
80217,Denver
80218,Denver
80219,Denver
80220,Denver
80221,Denver
80222,Denver
80223,Denver
80224,Denver
80225,Denver
80226,Denver
80227,Denver
80228,Denver
80229,Denver
80230,Denver
80231,Denver
80232,Denver
80233,Denver
80234,Denver
80235,Denver
80236,Denver
80237,Denver
80238,Denver
80239,Denver
80241,Denver
80243,Denver
80246,Denver
80247,Denver
80248,Denver
80249,Denver
80250,Denver
80256,Denver
80257,Denver
80259,Denver
80260,Denver
80261,Denver
80263,Denver
80264,Denver
80265,Denver
80266,Denver
80271,Denver
80273,Denver
80274,Denver
80281,Denver
80290,Denver
80291,Denver
80293,Denver
80294,Denver
80299,Denver
80401,Denver
80403,Denver
80465,Denver
80601,Denver
80602,Denver
80640,Denver
27330,Fayetteville
27332,Fayetteville
27501,Fayetteville
27504,Fayetteville
27505,Fayetteville
27506,Fayetteville
27521,Fayetteville
27526,Fayetteville
27540,Fayetteville
27546,Fayetteville
27592,Fayetteville
28301,Fayetteville
28303,Fayetteville
28304,Fayetteville
28305,Fayetteville
28306,Fayetteville
28307,Fayetteville
28308,Fayetteville
28310,Fayetteville
28311,Fayetteville
28312,Fayetteville
28314,Fayetteville
28315,Fayetteville
28318,Fayetteville
28323,Fayetteville
28326,Fayetteville
28331,Fayetteville
28334,Fayetteville
28339,Fayetteville
28342,Fayetteville
28344,Fayetteville
28348,Fayetteville
28356,Fayetteville
28357,Fayetteville
28364,Fayetteville
28368,Fayetteville
28371,Fayetteville
28376,Fayetteville
28377,Fayetteville
28382,Fayetteville
28384,Fayetteville
28386,Fayetteville
28390,Fayetteville
28391,Fayetteville
28395,Fayetteville
28399,Fayetteville
27235,Greensboro
27249,Greensboro
27260,Greensboro
27262,Greensboro
27265,Greensboro
27282,Greensboro
27283,Greensboro
27301,Greensboro
27313,Greensboro
27377,Greensboro
27401,Greensboro
27403,Greensboro
27405,Greensboro
27406,Greensboro
27407,Greensboro
27409,Greensboro
27410,Greensboro
27455,Greensboro
35610,Huntsville
35611,Huntsville
35613,Huntsville
35614,Huntsville
35615,Huntsville
35620,Huntsville
35647,Huntsville
35649,Huntsville
35652,Huntsville
35671,Huntsville
35739,Huntsville
35741,Huntsville
35748,Huntsville
35749,Huntsville
35750,Huntsville
35756,Huntsville
35757,Huntsville
35758,Huntsville
35759,Huntsville
35760,Huntsville
35761,Huntsville
35763,Huntsville
35773,Huntsville
35776,Huntsville
35801,Huntsville
35802,Huntsville
35803,Huntsville
35805,Huntsville
35806,Huntsville
35808,Huntsville
35810,Huntsville
35811,Huntsville
35816,Huntsville
35824,Huntsville
35896,Huntsville
46032,Indianapolis
46033,Indianapolis
46037,Indianapolis
46038,Indianapolis
46040,Indianapolis
46048,Indianapolis
46052,Indianapolis
46055,Indianapolis
46060,Indianapolis
46062,Indianapolis
46064,Indianapolis
46069,Indianapolis
46074,Indianapolis
46075,Indianapolis
46077,Indianapolis
46107,Indianapolis
46111,Indianapolis
46112,Indianapolis
46113,Indianapolis
46122,Indianapolis
46123,Indianapolis
46126,Indianapolis
46140,Indianapolis
46142,Indianapolis
46143,Indianapolis
46157,Indianapolis
46158,Indianapolis
46163,Indianapolis
46167,Indianapolis
46168,Indianapolis
46183,Indianapolis
46201,Indianapolis
46202,Indianapolis
46203,Indianapolis
46204,Indianapolis
46205,Indianapolis
46206,Indianapolis
46208,Indianapolis
46213,Indianapolis
46214,Indianapolis
46216,Indianapolis
46217,Indianapolis
46218,Indianapolis
46219,Indianapolis
46220,Indianapolis
46221,Indianapolis
46222,Indianapolis
46224,Indianapolis
46225,Indianapolis
46226,Indianapolis
46227,Indianapolis
46228,Indianapolis
46229,Indianapolis
46230,Indianapolis
46231,Indianapolis
46234,Indianapolis
46235,Indianapolis
46236,Indianapolis
46237,Indianapolis
46239,Indianapolis
46240,Indianapolis
46241,Indianapolis
46242,Indianapolis
46244,Indianapolis
46247,Indianapolis
46249,Indianapolis
46250,Indianapolis
46251,Indianapolis
46253,Indianapolis
46254,Indianapolis
46256,Indianapolis
46259,Indianapolis
46260,Indianapolis
46268,Indianapolis
46278,Indianapolis
46280,Indianapolis
46282,Indianapolis
46283,Indianapolis
46285,Indianapolis
46290,Indianapolis
46298,Indianapolis
64063,Kansas City
64112,Kansas City
64113,Kansas City
64114,Kansas City
64116,Kansas City
64117,Kansas City
64118,Kansas City
64119,Kansas City
64133,Kansas City
64136,Kansas City
64137,Kansas City
64138,Kansas City
64139,Kansas City
64145,Kansas City
64146,Kansas City
64149,Kansas City
64151,Kansas City
64152,Kansas City
64153,Kansas City
64154,Kansas City
64155,Kansas City
64156,Kansas City
64157,Kansas City
64158,Kansas City
64161,Kansas City
64163,Kansas City
64164,Kansas City
64165,Kansas City
64166,Kansas City
64167,Kansas City
66101,Kansas City
66102,Kansas City
66103,Kansas City
66104,Kansas City
66105,Kansas City
66106,Kansas City
66109,Kansas City
66111,Kansas City
66112,Kansas City
66118,Kansas City
66160,Kansas City
66216,Kansas City
37701,Knoxville
37705,Knoxville
37708,Knoxville
37709,Knoxville
37710,Knoxville
37714,Knoxville
37715,Knoxville
37716,Knoxville
37719,Knoxville
37721,Knoxville
37726,Knoxville
37729,Knoxville
37733,Knoxville
37737,Knoxville
37742,Knoxville
37748,Knoxville
37754,Knoxville
37756,Knoxville
37757,Knoxville
37762,Knoxville
37763,Knoxville
37764,Knoxville
37766,Knoxville
37769,Knoxville
37770,Knoxville
37771,Knoxville
37772,Knoxville
37774,Knoxville
37777,Knoxville
37779,Knoxville
37801,Knoxville
37803,Knoxville
37804,Knoxville
37806,Knoxville
37807,Knoxville
37811,Knoxville
37819,Knoxville
37825,Knoxville
37828,Knoxville
37829,Knoxville
37830,Knoxville
37840,Knoxville
37845,Knoxville
37846,Knoxville
37847,Knoxville
37848,Knoxville
37849,Knoxville
37852,Knoxville
37853,Knoxville
37854,Knoxville
37861,Knoxville
37865,Knoxville
37866,Knoxville
37870,Knoxville
37871,Knoxville
37872,Knoxville
37874,Knoxville
37878,Knoxville
37880,Knoxville
37881,Knoxville
37882,Knoxville
37886,Knoxville
37887,Knoxville
37888,Knoxville
37902,Knoxville
37909,Knoxville
37912,Knoxville
37914,Knoxville
37915,Knoxville
37916,Knoxville
37917,Knoxville
37918,Knoxville
37919,Knoxville
37920,Knoxville
37921,Knoxville
37922,Knoxville
37923,Knoxville
37924,Knoxville
37929,Knoxville
37931,Knoxville
37932,Knoxville
37934,Knoxville
37938,Knoxville
89002,Las Vegas
89005,Las Vegas
89011,Las Vegas
89012,Las Vegas
89014,Las Vegas
89015,Las Vegas
89030,Las Vegas
89031,Las Vegas
89032,Las Vegas
89033,Las Vegas
89036,Las Vegas
89044,Las Vegas
89052,Las Vegas
89054,Las Vegas
89074,Las Vegas
89077,Las Vegas
89081,Las Vegas
89084,Las Vegas
89085,Las Vegas
89086,Las Vegas
89087,Las Vegas
89101,Las Vegas
89102,Las Vegas
89103,Las Vegas
89104,Las Vegas
89105,Las Vegas
89106,Las Vegas
89107,Las Vegas
89108,Las Vegas
89109,Las Vegas
89110,Las Vegas
89111,Las Vegas
89112,Las Vegas
89113,Las Vegas
89114,Las Vegas
89115,Las Vegas
89116,Las Vegas
89117,Las Vegas
89118,Las Vegas
89119,Las Vegas
89120,Las Vegas
89121,Las Vegas
89122,Las Vegas
89123,Las Vegas
89124,Las Vegas
89125,Las Vegas
89126,Las Vegas
89127,Las Vegas
89128,Las Vegas
89129,Las Vegas
89130,Las Vegas
89131,Las Vegas
89132,Las Vegas
89133,Las Vegas
89134,Las Vegas
89135,Las Vegas
89136,Las Vegas
89137,Las Vegas
89138,Las Vegas
89139,Las Vegas
89140,Las Vegas
89141,Las Vegas
89142,Las Vegas
89143,Las Vegas
89144,Las Vegas
89145,Las Vegas
89146,Las Vegas
89147,Las Vegas
89148,Las Vegas
89149,Las Vegas
89150,Las Vegas
89151,Las Vegas
89152,Las Vegas
89153,Las Vegas
89154,Las Vegas
89155,Las Vegas
89156,Las Vegas
89157,Las Vegas
89158,Las Vegas
89160,Las Vegas
89161,Las Vegas
89162,Las Vegas
89166,Las Vegas
89169,Las Vegas
89170,Las Vegas
89173,Las Vegas
89178,Las Vegas
89179,Las Vegas
89180,Las Vegas
89183,Las Vegas
89191,Las Vegas
89193,Las Vegas
89195,Las Vegas
89199,Las Vegas
40003,Louisville
40004,Louisville
40007,Louisville
40008,Louisville
40010,Louisville
40011,Louisville
40012,Louisville
40013,Louisville
40014,Louisville
40019,Louisville
40020,Louisville
40022,Louisville
40023,Louisville
40025,Louisville
40026,Louisville
40031,Louisville
40036,Louisville
40037,Louisville
40041,Louisville
40046,Louisville
40047,Louisville
40050,Louisville
40051,Louisville
40052,Louisville
40055,Louisville
40056,Louisville
40057,Louisville
40058,Louisville
40059,Louisville
40065,Louisville
40067,Louisville
40068,Louisville
40070,Louisville
40071,Louisville
40075,Louisville
40076,Louisville
40077,Louisville
40104,Louisville
40107,Louisville
40108,Louisville
40109,Louisville
40110,Louisville
40117,Louisville
40118,Louisville
40121,Louisville
40142,Louisville
40146,Louisville
40150,Louisville
40155,Louisville
40157,Louisville
40161,Louisville
40165,Louisville
40171,Louisville
40175,Louisville
40176,Louisville
40177,Louisville
40202,Louisville
40203,Louisville
40204,Louisville
40205,Louisville
40206,Louisville
40207,Louisville
40208,Louisville
40209,Louisville
40210,Louisville
40211,Louisville
40212,Louisville
40213,Louisville
40214,Louisville
40215,Louisville
40216,Louisville
40217,Louisville
40218,Louisville
40219,Louisville
40220,Louisville
40221,Louisville
40222,Louisville
40223,Louisville
40228,Louisville
40229,Louisville
40231,Louisville
40241,Louisville
40242,Louisville
40243,Louisville
40245,Louisville
40258,Louisville
40272,Louisville
40280,Louisville
40291,Louisville
40299,Louisville
40342,Louisville
40601,Louisville
47104,Louisville
47106,Louisville
47108,Louisville
47110,Louisville
47111,Louisville
47112,Louisville
47114,Louisville
47115,Louisville
47117,Louisville
47119,Louisville
47120,Louisville
47122,Louisville
47124,Louisville
47125,Louisville
47126,Louisville
47129,Louisville
47130,Louisville
47135,Louisville
47136,Louisville
47137,Louisville
47141,Louisville
47142,Louisville
47143,Louisville
47147,Louisville
47150,Louisville
47160,Louisville
47161,Louisville
47162,Louisville
47163,Louisville
47164,Louisville
47165,Louisville
47166,Louisville
47167,Louisville
47170,Louisville
47172,Louisville
47177,Louisville
47281,Louisville
47452,Louisville
38002,Memphis
38016,Memphis
38017,Memphis
38018,Memphis
38053,Memphis
38054,Memphis
38103,Memphis
38104,Memphis
38105,Memphis
38106,Memphis
38107,Memphis
38108,Memphis
38109,Memphis
38111,Memphis
38112,Memphis
38113,Memphis
38114,Memphis
38115,Memphis
38116,Memphis
38117,Memphis
38118,Memphis
38119,Memphis
38120,Memphis
38122,Memphis
38125,Memphis
38126,Memphis
38127,Memphis
38128,Memphis
38131,Memphis
38132,Memphis
38133,Memphis
38134,Memphis
38135,Memphis
38138,Memphis
38139,Memphis
38141,Memphis
38152,Memphis
38632,Memphis
38637,Memphis
38641,Memphis
38651,Memphis
38654,Memphis
38671,Memphis
38680,Memphis
55014,Minneapolis
55016,Minneapolis
55033,Minneapolis
55044,Minneapolis
55068,Minneapolis
55071,Minneapolis
55076,Minneapolis
55077,Minneapolis
55090,Minneapolis
55108,Minneapolis
55109,Minneapolis
55110,Minneapolis
55112,Minneapolis
55113,Minneapolis
55115,Minneapolis
55117,Minneapolis
55118,Minneapolis
55119,Minneapolis
55120,Minneapolis
55121,Minneapolis
55122,Minneapolis
55123,Minneapolis
55124,Minneapolis
55125,Minneapolis
55126,Minneapolis
55127,Minneapolis
55128,Minneapolis
55129,Minneapolis
55303,Minneapolis
55304,Minneapolis
55305,Minneapolis
55306,Minneapolis
55316,Minneapolis
55337,Minneapolis
55343,Minneapolis
55345,Minneapolis
55352,Minneapolis
55369,Minneapolis
55372,Minneapolis
55378,Minneapolis
55379,Minneapolis
55403,Minneapolis
55404,Minneapolis
55405,Minneapolis
55406,Minneapolis
55407,Minneapolis
55408,Minneapolis
55409,Minneapolis
55410,Minneapolis
55411,Minneapolis
55413,Minneapolis
55414,Minneapolis
55416,Minneapolis
55417,Minneapolis
55418,Minneapolis
55419,Minneapolis
55420,Minneapolis
55421,Minneapolis
55422,Minneapolis
55423,Minneapolis
55424,Minneapolis
55425,Minneapolis
55426,Minneapolis
55427,Minneapolis
55428,Minneapolis
55429,Minneapolis
55430,Minneapolis
55431,Minneapolis
55432,Minneapolis
55433,Minneapolis
55434,Minneapolis
55435,Minneapolis
55436,Minneapolis
55437,Minneapolis
55438,Minneapolis
55439,Minneapolis
55441,Minneapolis
55442,Minneapolis
55443,Minneapolis
55444,Minneapolis
55445,Minneapolis
55448,Minneapolis
55449,Minneapolis
37011,Nashville
37013,Nashville
37024,Nashville
37027,Nashville
37064,Nashville
37065,Nashville
37067,Nashville
37068,Nashville
37069,Nashville
37070,Nashville
37072,Nashville
37075,Nashville
37076,Nashville
37077,Nashville
37085,Nashville
37115,Nashville
37116,Nashville
37122,Nashville
37127,Nashville
37128,Nashville
37129,Nashville
37130,Nashville
37135,Nashville
37138,Nashville
37153,Nashville
37167,Nashville
37189,Nashville
37201,Nashville
37202,Nashville
37203,Nashville
37204,Nashville
37205,Nashville
37206,Nashville
37207,Nashville
37208,Nashville
37209,Nashville
37211,Nashville
37212,Nashville
37213,Nashville
37214,Nashville
37215,Nashville
37216,Nashville
37217,Nashville
37218,Nashville
37219,Nashville
37220,Nashville
37221,Nashville
37222,Nashville
37224,Nashville
37227,Nashville
37228,Nashville
37229,Nashville
37232,Nashville
37234,Nashville
37235,Nashville
37236,Nashville
37238,Nashville
37240,Nashville
37242,Nashville
37243,Nashville
37246,Nashville
37250,Nashville
38401,Nashville
51501,Omaha
51503,Omaha
51510,Omaha
51521,Omaha
51523,Omaha
51525,Omaha
51526,Omaha
51529,Omaha
51532,Omaha
51533,Omaha
51534,Omaha
51535,Omaha
51536,Omaha
51540,Omaha
51541,Omaha
51542,Omaha
51544,Omaha
51545,Omaha
51546,Omaha
51548,Omaha
51549,Omaha
51550,Omaha
51551,Omaha
51553,Omaha
51554,Omaha
51555,Omaha
51556,Omaha
51557,Omaha
51558,Omaha
51559,Omaha
51560,Omaha
51561,Omaha
51563,Omaha
51564,Omaha
51565,Omaha
51566,Omaha
51570,Omaha
51571,Omaha
51575,Omaha
51576,Omaha
51577,Omaha
51579,Omaha
51645,Omaha
51653,Omaha
68002,Omaha
68003,Omaha
68005,Omaha
68007,Omaha
68008,Omaha
68010,Omaha
68015,Omaha
68016,Omaha
68017,Omaha
68018,Omaha
68019,Omaha
68022,Omaha
68023,Omaha
68025,Omaha
68028,Omaha
68029,Omaha
68031,Omaha
68033,Omaha
68034,Omaha
68036,Omaha
68037,Omaha
68040,Omaha
68041,Omaha
68042,Omaha
68044,Omaha
68046,Omaha
68048,Omaha
68050,Omaha
68056,Omaha
68058,Omaha
68059,Omaha
68064,Omaha
68065,Omaha
68066,Omaha
68068,Omaha
68069,Omaha
68070,Omaha
68073,Omaha
68102,Omaha
68104,Omaha
68105,Omaha
68106,Omaha
68107,Omaha
68108,Omaha
68110,Omaha
68111,Omaha
68112,Omaha
68113,Omaha
68114,Omaha
68116,Omaha
68117,Omaha
68118,Omaha
68122,Omaha
68123,Omaha
68124,Omaha
68127,Omaha
68128,Omaha
68130,Omaha
68131,Omaha
68132,Omaha
68133,Omaha
68134,Omaha
68135,Omaha
68136,Omaha
68137,Omaha
68138,Omaha
68142,Omaha
68144,Omaha
68147,Omaha
68152,Omaha
68154,Omaha
68157,Omaha
68164,Omaha
68178,Omaha
68182,Omaha
68183,Omaha
68304,Omaha
68307,Omaha
68347,Omaha
68349,Omaha
68366,Omaha
68403,Omaha
68407,Omaha
68409,Omaha
68413,Omaha
68418,Omaha
68454,Omaha
68455,Omaha
68462,Omaha
68463,Omaha
68527,Omaha
68648,Omaha
85001,Phoenix
85002,Phoenix
85003,Phoenix
85004,Phoenix
85005,Phoenix
85006,Phoenix
85007,Phoenix
85008,Phoenix
85009,Phoenix
85010,Phoenix
85011,Phoenix
85012,Phoenix
85013,Phoenix
85014,Phoenix
85015,Phoenix
85016,Phoenix
85017,Phoenix
85018,Phoenix
85019,Phoenix
85020,Phoenix
85021,Phoenix
85022,Phoenix
85023,Phoenix
85024,Phoenix
85026,Phoenix
85027,Phoenix
85028,Phoenix
85029,Phoenix
85030,Phoenix
85031,Phoenix
85032,Phoenix
85033,Phoenix
85034,Phoenix
85035,Phoenix
85036,Phoenix
85037,Phoenix
85040,Phoenix
85041,Phoenix
85042,Phoenix
85043,Phoenix
85044,Phoenix
85045,Phoenix
85046,Phoenix
85048,Phoenix
85050,Phoenix
85051,Phoenix
85053,Phoenix
85054,Phoenix
85060,Phoenix
85061,Phoenix
85063,Phoenix
85064,Phoenix
85066,Phoenix
85067,Phoenix
85068,Phoenix
85069,Phoenix
85070,Phoenix
85071,Phoenix
85074,Phoenix
85076,Phoenix
85078,Phoenix
85079,Phoenix
85080,Phoenix
85082,Phoenix
85083,Phoenix
85085,Phoenix
85086,Phoenix
85119,Phoenix
85120,Phoenix
85121,Phoenix
85127,Phoenix
85130,Phoenix
85131,Phoenix
85140,Phoenix
85142,Phoenix
85143,Phoenix
85145,Phoenix
85147,Phoenix
85172,Phoenix
85178,Phoenix
85191,Phoenix
85201,Phoenix
85202,Phoenix
85203,Phoenix
85204,Phoenix
85205,Phoenix
85206,Phoenix
85207,Phoenix
85208,Phoenix
85209,Phoenix
85210,Phoenix
85211,Phoenix
85212,Phoenix
85213,Phoenix
85214,Phoenix
85215,Phoenix
85216,Phoenix
85224,Phoenix
85225,Phoenix
85226,Phoenix
85233,Phoenix
85234,Phoenix
85236,Phoenix
85244,Phoenix
85246,Phoenix
85248,Phoenix
85249,Phoenix
85250,Phoenix
85251,Phoenix
85252,Phoenix
85253,Phoenix
85254,Phoenix
85255,Phoenix
85256,Phoenix
85257,Phoenix
85258,Phoenix
85259,Phoenix
85260,Phoenix
85261,Phoenix
85262,Phoenix
85264,Phoenix
85266,Phoenix
85267,Phoenix
85268,Phoenix
85269,Phoenix
85271,Phoenix
85274,Phoenix
85275,Phoenix
85277,Phoenix
85280,Phoenix
85281,Phoenix
85282,Phoenix
85283,Phoenix
85284,Phoenix
85285,Phoenix
85286,Phoenix
85287,Phoenix
85295,Phoenix
85296,Phoenix
85297,Phoenix
85298,Phoenix
85299,Phoenix
85301,Phoenix
85302,Phoenix
85303,Phoenix
85304,Phoenix
85305,Phoenix
85306,Phoenix
85307,Phoenix
85308,Phoenix
85309,Phoenix
85310,Phoenix
85311,Phoenix
85312,Phoenix
85318,Phoenix
85323,Phoenix
85326,Phoenix
85329,Phoenix
85331,Phoenix
85335,Phoenix
85338,Phoenix
85339,Phoenix
85340,Phoenix
85345,Phoenix
85353,Phoenix
85355,Phoenix
85363,Phoenix
85372,Phoenix
85373,Phoenix
85374,Phoenix
85375,Phoenix
85376,Phoenix
85377,Phoenix
85378,Phoenix
85379,Phoenix
85380,Phoenix
85381,Phoenix
85382,Phoenix
85383,Phoenix
85385,Phoenix
85387,Phoenix
85388,Phoenix
85392,Phoenix
85395,Phoenix
85396,Phoenix
85739,Phoenix
84003,Provo-Orem
84004,Provo-Orem
84005,Provo-Orem
84013,Provo-Orem
84020,Provo-Orem
84022,Provo-Orem
84034,Provo-Orem
84042,Provo-Orem
84043,Provo-Orem
84045,Provo-Orem
84057,Provo-Orem
84058,Provo-Orem
84062,Provo-Orem
84083,Provo-Orem
84097,Provo-Orem
84526,Provo-Orem
84601,Provo-Orem
84604,Provo-Orem
84606,Provo-Orem
84626,Provo-Orem
84628,Provo-Orem
84629,Provo-Orem
84633,Provo-Orem
84639,Provo-Orem
84645,Provo-Orem
84648,Provo-Orem
84651,Provo-Orem
84653,Provo-Orem
84655,Provo-Orem
84656,Provo-Orem
84660,Provo-Orem
84663,Provo-Orem
84664,Provo-Orem
27278,Raleigh-Durham
27502,Raleigh-Durham
27510,Raleigh-Durham
27511,Raleigh-Durham
27512,Raleigh-Durham
27513,Raleigh-Durham
27514,Raleigh-Durham
27515,Raleigh-Durham
27516,Raleigh-Durham
27517,Raleigh-Durham
27518,Raleigh-Durham
27519,Raleigh-Durham
27520,Raleigh-Durham
27523,Raleigh-Durham
27524,Raleigh-Durham
27526,Raleigh-Durham
27527,Raleigh-Durham
27528,Raleigh-Durham
27529,Raleigh-Durham
27539,Raleigh-Durham
27540,Raleigh-Durham
27545,Raleigh-Durham
27560,Raleigh-Durham
27562,Raleigh-Durham
27571,Raleigh-Durham
27587,Raleigh-Durham
27591,Raleigh-Durham
27592,Raleigh-Durham
27596,Raleigh-Durham
27599,Raleigh-Durham
27601,Raleigh-Durham
27602,Raleigh-Durham
27603,Raleigh-Durham
27604,Raleigh-Durham
27605,Raleigh-Durham
27606,Raleigh-Durham
27607,Raleigh-Durham
27608,Raleigh-Durham
27609,Raleigh-Durham
27610,Raleigh-Durham
27611,Raleigh-Durham
27612,Raleigh-Durham
27613,Raleigh-Durham
27614,Raleigh-Durham
27615,Raleigh-Durham
27616,Raleigh-Durham
27617,Raleigh-Durham
27619,Raleigh-Durham
27620,Raleigh-Durham
27622,Raleigh-Durham
27623,Raleigh-Durham
27624,Raleigh-Durham
27627,Raleigh-Durham
27628,Raleigh-Durham
27629,Raleigh-Durham
27636,Raleigh-Durham
27640,Raleigh-Durham
27656,Raleigh-Durham
27658,Raleigh-Durham
27661,Raleigh-Durham
27675,Raleigh-Durham
27676,Raleigh-Durham
27690,Raleigh-Durham
27697,Raleigh-Durham
27699,Raleigh-Durham
27701,Raleigh-Durham
27702,Raleigh-Durham
27703,Raleigh-Durham
27704,Raleigh-Durham
27705,Raleigh-Durham
27706,Raleigh-Durham
27707,Raleigh-Durham
27708,Raleigh-Durham
27709,Raleigh-Durham
27710,Raleigh-Durham
27712,Raleigh-Durham
27713,Raleigh-Durham
27715,Raleigh-Durham
27717,Raleigh-Durham
27722,Raleigh-Durham
89431,Reno
89432,Reno
89433,Reno
89434,Reno
89435,Reno
89436,Reno
89441,Reno
89442,Reno
89501,Reno
89502,Reno
89503,Reno
89504,Reno
89505,Reno
89506,Reno
89507,Reno
89509,Reno
89511,Reno
89512,Reno
89513,Reno
89515,Reno
89519,Reno
89521,Reno
89523,Reno
89533,Reno
89557,Reno
89570,Reno
89595,Reno
89599,Reno
89704,Reno
84006,Salt Lake City
84009,Salt Lake City
84020,Salt Lake City
84044,Salt Lake City
84065,Salt Lake City
84070,Salt Lake City
84081,Salt Lake City
84084,Salt Lake City
84088,Salt Lake City
84092,Salt Lake City
84094,Salt Lake City
84095,Salt Lake City
84096,Salt Lake City
84102,Salt Lake City
84103,Salt Lake City
84104,Salt Lake City
84105,Salt Lake City
84106,Salt Lake City
84107,Salt Lake City
84108,Salt Lake City
84109,Salt Lake City
84112,Salt Lake City
84115,Salt Lake City
84116,Salt Lake City
84117,Salt Lake City
84118,Salt Lake City
84119,Salt Lake City
84120,Salt Lake City
84121,Salt Lake City
84123,Salt Lake City
84124,Salt Lake City
84128,Salt Lake City
84129,Salt Lake City
87010,Santa Fe
87015,Santa Fe
87035,Santa Fe
87047,Santa Fe
87056,Santa Fe
87501,Santa Fe
87505,Santa Fe
87506,Santa Fe
87507,Santa Fe
87508,Santa Fe
87522,Santa Fe
87532,Santa Fe
87535,Santa Fe
87540,Santa Fe
87567,Santa Fe
87573,Santa Fe
85619,Tucson
85652,Tucson
85653,Tucson
85654,Tucson
85658,Tucson
85701,Tucson
85702,Tucson
85703,Tucson
85704,Tucson
85705,Tucson
85706,Tucson
85707,Tucson
85708,Tucson
85709,Tucson
85710,Tucson
85711,Tucson
85712,Tucson
85713,Tucson
85714,Tucson
85715,Tucson
85716,Tucson
85717,Tucson
85718,Tucson
85719,Tucson
85721,Tucson
85723,Tucson
85724,Tucson
85725,Tucson
85726,Tucson
85728,Tucson
85730,Tucson
85731,Tucson
85732,Tucson
85733,Tucson
85737,Tucson
85738,Tucson
85740,Tucson
85741,Tucson
85742,Tucson
85743,Tucson
85744,Tucson
85745,Tucson
85746,Tucson
85747,Tucson
85748,Tucson
85749,Tucson
85750,Tucson
85751,Tucson
85752,Tucson
85754,Tucson
85755,Tucson
85756,Tucson
74001,Tulsa
74002,Tulsa
74003,Tulsa
74008,Tulsa
74010,Tulsa
74012,Tulsa
74014,Tulsa
74015,Tulsa
74016,Tulsa
74017,Tulsa
74019,Tulsa
74021,Tulsa
74022,Tulsa
74028,Tulsa
74030,Tulsa
74035,Tulsa
74036,Tulsa
74038,Tulsa
74039,Tulsa
74041,Tulsa
74044,Tulsa
74046,Tulsa
74047,Tulsa
74050,Tulsa
74051,Tulsa
74052,Tulsa
74053,Tulsa
74054,Tulsa
74055,Tulsa
74056,Tulsa
74058,Tulsa
74060,Tulsa
74063,Tulsa
74066,Tulsa
74068,Tulsa
74070,Tulsa
74071,Tulsa
74073,Tulsa
74079,Tulsa
74080,Tulsa
74081,Tulsa
74084,Tulsa
74085,Tulsa
74101,Tulsa
74102,Tulsa
74103,Tulsa
74104,Tulsa
74105,Tulsa
74106,Tulsa
74107,Tulsa
74108,Tulsa
74110,Tulsa
74112,Tulsa
74114,Tulsa
74115,Tulsa
74116,Tulsa
74117,Tulsa
74119,Tulsa
74120,Tulsa
74121,Tulsa
74126,Tulsa
74127,Tulsa
74128,Tulsa
74129,Tulsa
74130,Tulsa
74131,Tulsa
74132,Tulsa
74133,Tulsa
74134,Tulsa
74135,Tulsa
74136,Tulsa
74137,Tulsa
74141,Tulsa
74145,Tulsa
74146,Tulsa
74147,Tulsa
74148,Tulsa
74149,Tulsa
74150,Tulsa
74152,Tulsa
74153,Tulsa
74155,Tulsa
74156,Tulsa
74157,Tulsa
74158,Tulsa
74159,Tulsa
74169,Tulsa
74170,Tulsa
74171,Tulsa
74172,Tulsa
74182,Tulsa
74183,Tulsa
74184,Tulsa
74186,Tulsa
74187,Tulsa
74189,Tulsa
74192,Tulsa
74193,Tulsa
74194,Tulsa
74332,Tulsa
74361,Tulsa
74421,Tulsa
74447,Tulsa
74467,Tulsa
74604,Tulsa
74633,Tulsa
74637,Tulsa
74650,Tulsa
74652,Tulsa
74859,Tulsa
27012,Winston-Salem
27040,Winston-Salem
27045,Winston-Salem
27051,Winston-Salem
27101,Winston-Salem
27103,Winston-Salem
27104,Winston-Salem
27105,Winston-Salem
27106,Winston-Salem
27107,Winston-Salem
27127,Winston-Salem
27284,Winston-Salem
